INSERT INTO Threads(thread_id, thread_count)
	VALUES('1', '32');
INSERT INTO Threads(thread_id, thread_count)
	VALUES('2', '24');
INSERT INTO Threads(thread_id, thread_count)
	VALUES('3', '16');
INSERT INTO Threads(thread_id, thread_count)
	VALUES('4', '12');
INSERT INTO Threads(thread_id, thread_count)
	VALUES('5', '128');
INSERT INTO Threads(thread_id, thread_count)
	VALUES('6', '64');
INSERT INTO Threads(thread_id, thread_count)
	VALUES('7', '48');
INSERT INTO Threads(thread_id, thread_count)
	VALUES('8', '8');
INSERT INTO Threads(thread_id, thread_count)
	VALUES('9', '6');
INSERT INTO Threads(thread_id, thread_count)
	VALUES('10', '4');
INSERT INTO Threads(thread_id, thread_count)
	VALUES('11', '2');

INSERT INTO LaunchYear(launchy_id, launchy_year)
	VALUES('1', '2020');
INSERT INTO LaunchYear(launchy_id, launchy_year)
	VALUES('2', '2021');
INSERT INTO LaunchYear(launchy_id, launchy_year)
	VALUES('3', '2019');
INSERT INTO LaunchYear(launchy_id, launchy_year)
	VALUES('4', '2018');
INSERT INTO LaunchYear(launchy_id, launchy_year)
	VALUES('5', '2017');

INSERT INTO Lithography(lithography_id, lithography_size)
	VALUES('1', '7');
INSERT INTO Lithography(lithography_id, lithography_size)
	VALUES('2', '14');
INSERT INTO Lithography(lithography_id, lithography_size)
	VALUES('3', '12');
INSERT INTO Lithography(lithography_id, lithography_size)
	VALUES('4', '28');

INSERT INTO CPU(cpu_id, cpu_name, thread_id, lithography_id, launchy_id)
	VALUES('1', 'AMD Ryzen 9 5950X', '1', '1', '1');
INSERT INTO CPU(cpu_id, cpu_name, thread_id, lithography_id, launchy_id)
	VALUES('2', 'AMD Ryzen 9 5900X', '2', '1', '1');
INSERT INTO CPU(cpu_id, cpu_name, thread_id, lithography_id, launchy_id)
	VALUES('3', 'AMD Ryzen 9 5900 (OEM Only)', '2', '1', '2');
INSERT INTO CPU(cpu_id, cpu_name, thread_id, lithography_id, launchy_id)
	VALUES('4', 'AMD Ryzen 7 5800X', '3', '1', '1');
INSERT INTO CPU(cpu_id, cpu_name, thread_id, lithography_id, launchy_id)
	VALUES('5', 'AMD Ryzen 7 5800 (OEM Only)', '3', '1', '2');
INSERT INTO CPU(cpu_id, cpu_name, thread_id, lithography_id, launchy_id)
	VALUES('6', 'AMD Ryzen 5 5600X', '4', '1', '1');
INSERT INTO CPU(cpu_id, cpu_name, thread_id, lithography_id, launchy_id)
	VALUES('7', 'AMD Ryzen 9 3900XT', '2', '1', '1');
INSERT INTO CPU(cpu_id, cpu_name, thread_id, lithography_id, launchy_id)
	VALUES('8', 'AMD Ryzen 7 3800XT', '3', '1', '1');
INSERT INTO CPU(cpu_id, cpu_name, thread_id, lithography_id, launchy_id)
	VALUES('9', 'AMD Ryzen 5 3600XT', '4', '1', '1');
INSERT INTO CPU(cpu_id, cpu_name, thread_id, lithography_id, launchy_id)
	VALUES('10', 'AMD Ryzen Threadripper PRO 3995WX', '5', '1', '1');
INSERT INTO CPU(cpu_id, cpu_name, thread_id, lithography_id, launchy_id)
	VALUES('11', 'AMD Ryzen Threadripper PRO 3975WX', '6', '1', '1');
INSERT INTO CPU(cpu_id, cpu_name, thread_id, lithography_id, launchy_id)
	VALUES('12', 'AMD Ryzen Threadripper PRO 3955WX', '1', '1', '1');
INSERT INTO CPU(cpu_id, cpu_name, thread_id, lithography_id, launchy_id)
	VALUES('13', 'AMD Ryzen Threadripper PRO 3945WX', '2', '1', '1');
INSERT INTO CPU(cpu_id, cpu_name, thread_id, lithography_id, launchy_id)
	VALUES('14', 'AMD Ryzen 9 5980HX', '3', '1', '2');
INSERT INTO CPU(cpu_id, cpu_name, thread_id, lithography_id, launchy_id)
	VALUES('15', 'AMD Ryzen 9 5980HS', '3', '1', '2');
INSERT INTO CPU(cpu_id, cpu_name, thread_id, lithography_id, launchy_id)
	VALUES('16', 'AMD Ryzen Threadripper 3970X', '6', '1', '3');
INSERT INTO CPU(cpu_id, cpu_name, thread_id, lithography_id, launchy_id)
	VALUES('17', 'AMD Ryzen 9 5900HX', '3', '1', '2');
INSERT INTO CPU(cpu_id, cpu_name, thread_id, lithography_id, launchy_id)
	VALUES('18', 'AMD Ryzen 9 5900HS', '3', '1', '2');
INSERT INTO CPU(cpu_id, cpu_name, thread_id, lithography_id, launchy_id)
	VALUES('19', 'AMD Ryzen Threadripper 3960X', '7', '1', '3');
INSERT INTO CPU(cpu_id, cpu_name, thread_id, lithography_id, launchy_id)
	VALUES('20', 'AMD Ryzen 7 5800H', '3', '1', '2');
INSERT INTO CPU(cpu_id, cpu_name, thread_id, lithography_id, launchy_id)
	VALUES('21', 'AMD Ryzen 7 5800HS', '3', '1', '2');
INSERT INTO CPU(cpu_id, cpu_name, thread_id, lithography_id, launchy_id)
	VALUES('22', 'AMD Ryzen 5 5600H', '4', '1', '2');
INSERT INTO CPU(cpu_id, cpu_name, thread_id, lithography_id, launchy_id)
	VALUES('23', 'AMD Ryzen 5 5600HS', '4', '1', '2');
INSERT INTO CPU(cpu_id, cpu_name, thread_id, lithography_id, launchy_id)
	VALUES('24', 'AMD Ryzen 7 5800U', '3', '1', '2');
INSERT INTO CPU(cpu_id, cpu_name, thread_id, lithography_id, launchy_id)
	VALUES('25', 'AMD Ryzen 9 3900X', '2', '1', '3');
INSERT INTO CPU(cpu_id, cpu_name, thread_id, lithography_id, launchy_id)
	VALUES('26', 'AMD Ryzen 7 5700U', '3', '1', '2');
INSERT INTO CPU(cpu_id, cpu_name, thread_id, lithography_id, launchy_id)
	VALUES('27', 'AMD Ryzen 9 3900 Processor (OEM Only)', '2', '1', '3');
INSERT INTO CPU(cpu_id, cpu_name, thread_id, lithography_id, launchy_id)
	VALUES('28', 'AMD Ryzen 5 5600U', '4', '1', '2');
INSERT INTO CPU(cpu_id, cpu_name, thread_id, lithography_id, launchy_id)
	VALUES('29', 'AMD Ryzen 5 5500U', '4', '1', '2');
INSERT INTO CPU(cpu_id, cpu_name, thread_id, lithography_id, launchy_id)
	VALUES('30', 'AMD Ryzen 7 3800X', '3', '1', '3');
INSERT INTO CPU(cpu_id, cpu_name, thread_id, lithography_id, launchy_id)
	VALUES('31', 'AMD Ryzen 3 5400U', '8', '1', '2');
INSERT INTO CPU(cpu_id, cpu_name, thread_id, lithography_id, launchy_id)
	VALUES('32', 'AMD Ryzen 3 5300U', '8', '1', '2');
INSERT INTO CPU(cpu_id, cpu_name, thread_id, lithography_id, launchy_id)
	VALUES('33', 'AMD Ryzen 7 3700X', '3', '1', '3');
INSERT INTO CPU(cpu_id, cpu_name, thread_id, lithography_id, launchy_id)
	VALUES('34', 'AMD Ryzen 7 5700G', '3', '1', '2');
INSERT INTO CPU(cpu_id, cpu_name, thread_id, lithography_id, launchy_id)
	VALUES('35', 'AMD Ryzen 7 5700GE', '3', '1', '2');
INSERT INTO CPU(cpu_id, cpu_name, thread_id, lithography_id, launchy_id)
	VALUES('36', 'AMD Ryzen 5 3600X', '4', '1', '3');
INSERT INTO CPU(cpu_id, cpu_name, thread_id, lithography_id, launchy_id)
	VALUES('37', 'AMD Ryzen 5 5600G', '4', '1', '2');
INSERT INTO CPU(cpu_id, cpu_name, thread_id, lithography_id, launchy_id)
	VALUES('38', 'AMD Ryzen 5 5600GE', '4', '1', '2');
INSERT INTO CPU(cpu_id, cpu_name, thread_id, lithography_id, launchy_id)
	VALUES('39', 'AMD Ryzen 5 3600', '4', '1', '3');
INSERT INTO CPU(cpu_id, cpu_name, thread_id, lithography_id, launchy_id)
	VALUES('40', 'AMD Ryzen 3 5300G (OEM Only)', '8', '1', '2');
INSERT INTO CPU(cpu_id, cpu_name, thread_id, lithography_id, launchy_id)
	VALUES('41', 'AMD Ryzen 3 5300GE (OEM Only)', '8', '1', '2');
INSERT INTO CPU(cpu_id, cpu_name, thread_id, lithography_id, launchy_id)
	VALUES('42', 'AMD Ryzen 3 3300X', '8', '1', '1');
INSERT INTO CPU(cpu_id, cpu_name, thread_id, lithography_id, launchy_id)
	VALUES('43', 'AMD Ryzen 7 4700G (OEM Only)', '3', '1', '1');
INSERT INTO CPU(cpu_id, cpu_name, thread_id, lithography_id, launchy_id)
	VALUES('44', 'AMD Ryzen 3 3100', '8', '1', '1');
INSERT INTO CPU(cpu_id, cpu_name, thread_id, lithography_id, launchy_id)
	VALUES('45', 'AMD Ryzen 5 4600G (OEM Only)', '4', '1', '1');
INSERT INTO CPU(cpu_id, cpu_name, thread_id, lithography_id, launchy_id)
	VALUES('46', 'AMD Ryzen 3 4300G (OEM Only)', '8', '1', '1');
INSERT INTO CPU(cpu_id, cpu_name, thread_id, lithography_id, launchy_id)
	VALUES('47', 'AMD Ryzen 7 4700GE (OEM Only)', '3', '1', '1');
INSERT INTO CPU(cpu_id, cpu_name, thread_id, lithography_id, launchy_id)
	VALUES('48', 'AMD Ryzen 5 4600GE (OEM Only)', '4', '1', '1');
INSERT INTO CPU(cpu_id, cpu_name, thread_id, lithography_id, launchy_id)
	VALUES('49', 'AMD Ryzen 3 4300GE (OEM Only)', '8', '1', '1');
INSERT INTO CPU(cpu_id, cpu_name, thread_id, lithography_id, launchy_id)
	VALUES('50', 'AMD Ryzen 7 4800H', '3', '1', '1');
INSERT INTO CPU(cpu_id, cpu_name, thread_id, lithography_id, launchy_id)
	VALUES('51', 'AMD Ryzen 5 4600H', '4', '1', '1');
INSERT INTO CPU(cpu_id, cpu_name, thread_id, lithography_id, launchy_id)
	VALUES('52', 'AMD Ryzen 7 4800U', '3', '1', '1');
INSERT INTO CPU(cpu_id, cpu_name, thread_id, lithography_id, launchy_id)
	VALUES('53', 'AMD Ryzen 7 4700U', '8', '1', '1');
INSERT INTO CPU(cpu_id, cpu_name, thread_id, lithography_id, launchy_id)
	VALUES('54', 'AMD Ryzen 5 4600U', '4', '1', '1');
INSERT INTO CPU(cpu_id, cpu_name, thread_id, lithography_id, launchy_id)
	VALUES('55', 'AMD Ryzen 5 4500U', '9', '1', '1');
INSERT INTO CPU(cpu_id, cpu_name, thread_id, lithography_id, launchy_id)
	VALUES('56', 'AMD Ryzen 3 4300U', '10', '1', '1');
INSERT INTO CPU(cpu_id, cpu_name, thread_id, lithography_id, launchy_id)
	VALUES('57', 'AMD Ryzen 3 3250U', '10', '2', '1');
INSERT INTO CPU(cpu_id, cpu_name, thread_id, lithography_id, launchy_id)
	VALUES('58', 'AMD Ryzen 7 4980U Microsoft Surface Edition', '3', '1', '2');
INSERT INTO CPU(cpu_id, cpu_name, thread_id, lithography_id, launchy_id)
	VALUES('59', 'AMD Ryzen 5 4680U Microsoft Surface Edition', '4', '1', '2');
INSERT INTO CPU(cpu_id, cpu_name, thread_id, lithography_id, launchy_id)
	VALUES('60', 'AMD Ryzen 3 3200G with Radeon Vega 8 Graphics', '10', '3', '3');
INSERT INTO CPU(cpu_id, cpu_name, thread_id, lithography_id, launchy_id)
	VALUES('61', 'AMD Athlon 320GE', '10', '2', '3');
INSERT INTO CPU(cpu_id, cpu_name, thread_id, lithography_id, launchy_id)
	VALUES('62', 'AMD Ryzen 7 3700C', '8', '3', '1');
INSERT INTO CPU(cpu_id, cpu_name, thread_id, lithography_id, launchy_id)
	VALUES('63', 'AMD Ryzen 5 3500C', '8', '3', '1');
INSERT INTO CPU(cpu_id, cpu_name, thread_id, lithography_id, launchy_id)
	VALUES('64', 'AMD Athlon Gold 3150U', '10', '2', '1');
INSERT INTO CPU(cpu_id, cpu_name, thread_id, lithography_id, launchy_id)
	VALUES('65', 'AMD Ryzen 3 3250C', '10', '2', '1');
INSERT INTO CPU(cpu_id, cpu_name, thread_id, lithography_id, launchy_id)
	VALUES('66', 'AMD Athlon Silver 3050U', '11', '2', '1');
INSERT INTO CPU(cpu_id, cpu_name, thread_id, lithography_id, launchy_id)
	VALUES('67', 'AMD Athlon Silver 3050e', '10', '2', '1');
INSERT INTO CPU(cpu_id, cpu_name, thread_id, lithography_id, launchy_id)
	VALUES('68', 'AMD Athlon Gold 3150C', '10', '2', '1');
INSERT INTO CPU(cpu_id, cpu_name, thread_id, lithography_id, launchy_id)
	VALUES('69', 'AMD Athlon  Silver 3050C', '11', '2', '1');
INSERT INTO CPU(cpu_id, cpu_name, thread_id, lithography_id, launchy_id)
	VALUES('70', 'AMD Athlon Gold 3150GE (OEM Only)', '10', '3', '1');
INSERT INTO CPU(cpu_id, cpu_name, thread_id, lithography_id, launchy_id)
	VALUES('71', 'AMD 3020e', '11', '2', '1');
INSERT INTO CPU(cpu_id, cpu_name, thread_id, lithography_id, launchy_id)
	VALUES('72', 'AMD Athlon Gold 3150G (OEM Only)', '10', '3', '1');
INSERT INTO CPU(cpu_id, cpu_name, thread_id, lithography_id, launchy_id)
	VALUES('73', 'AMD 3015e', '10', '2', '1');
INSERT INTO CPU(cpu_id, cpu_name, thread_id, lithography_id, launchy_id)
	VALUES('74', 'AMD Athlon Silver 3050GE (OEM Only)', '10', '2', '1');
INSERT INTO CPU(cpu_id, cpu_name, thread_id, lithography_id, launchy_id)
	VALUES('75', 'AMD 3015Ce', '10', '2', '2');
INSERT INTO CPU(cpu_id, cpu_name, thread_id, lithography_id, launchy_id)
	VALUES('76', 'AMD Ryzen Threadripper 2990WX', '6', '3', '4');
INSERT INTO CPU(cpu_id, cpu_name, thread_id, lithography_id, launchy_id)
	VALUES('77', 'AMD Ryzen Threadripper 2950X', '1', '3', '4');
INSERT INTO CPU(cpu_id, cpu_name, thread_id, lithography_id, launchy_id)
	VALUES('78', 'AMD Ryzen 7 2700X', '3', '3', '4');
INSERT INTO CPU(cpu_id, cpu_name, thread_id, lithography_id, launchy_id)
	VALUES('79', 'AMD Ryzen 7 2700', '3', '3', '4');
INSERT INTO CPU(cpu_id, cpu_name, thread_id, lithography_id, launchy_id)
	VALUES('80', 'AMD Ryzen 5 2600X', '4', '3', '4');
INSERT INTO CPU(cpu_id, cpu_name, thread_id, lithography_id, launchy_id)
	VALUES('81', 'AMD Ryzen 5 2600', '4', '3', '4');
INSERT INTO CPU(cpu_id, cpu_name, thread_id, lithography_id, launchy_id)
	VALUES('82', 'AMD Ryzen 5 2500X', '8', '3', '4');
INSERT INTO CPU(cpu_id, cpu_name, thread_id, lithography_id, launchy_id)
	VALUES('83', 'AMD Ryzen 5 2400G with Radeon RX Vega 11 Graphics', '8', '2', '4');
INSERT INTO CPU(cpu_id, cpu_name, thread_id, lithography_id, launchy_id)
	VALUES('84', 'AMD Ryzen 3 2300X', '10', '3', '4');
INSERT INTO CPU(cpu_id, cpu_name, thread_id, lithography_id, launchy_id)
	VALUES('85', 'AMD Ryzen 3 2200G with Radeon Vega 8 Graphics', '10', '2', '4');
INSERT INTO CPU(cpu_id, cpu_name, thread_id, lithography_id, launchy_id)
	VALUES('86', 'AMD Ryzen 3 2200GE with Radeon Vega 8 Graphics', '10', '2', '4');
INSERT INTO CPU(cpu_id, cpu_name, thread_id, lithography_id, launchy_id)
	VALUES('87', 'AMD Ryzen 7 2800H', '8', '2', '4');
INSERT INTO CPU(cpu_id, cpu_name, thread_id, lithography_id, launchy_id)
	VALUES('88', 'AMD Ryzen 5 2600H', '8', '2', '4');
INSERT INTO CPU(cpu_id, cpu_name, thread_id, lithography_id, launchy_id)
	VALUES('89', 'AMD Ryzen 7 2700U', '8', '2', '5');
INSERT INTO CPU(cpu_id, cpu_name, thread_id, lithography_id, launchy_id)
	VALUES('90', 'AMD Ryzen 5 2500U', '8', '2', '5');
INSERT INTO CPU(cpu_id, cpu_name, thread_id, lithography_id, launchy_id)
	VALUES('91', 'AMD Ryzen 3 2300U', '10', '2', '4');
INSERT INTO CPU(cpu_id, cpu_name, thread_id, lithography_id, launchy_id)
	VALUES('92', 'AMD Ryzen 3 2200U', '10', '2', '4');
INSERT INTO CPU(cpu_id, cpu_name, thread_id, lithography_id, launchy_id)
	VALUES('93', 'AMD Ryzen Threadripper 1950X', '1', '2', '5');
INSERT INTO CPU(cpu_id, cpu_name, thread_id, lithography_id, launchy_id)
	VALUES('94', 'AMD Ryzen Threadripper 1920X', '2', '2', '5');
INSERT INTO CPU(cpu_id, cpu_name, thread_id, lithography_id, launchy_id)
	VALUES('95', 'AMD Ryzen Threadripper 1900X', '3', '2', '5');
INSERT INTO CPU(cpu_id, cpu_name, thread_id, lithography_id, launchy_id)
	VALUES('96', 'AMD Ryzen 7 1800X', '3', '2', '5');
INSERT INTO CPU(cpu_id, cpu_name, thread_id, lithography_id, launchy_id)
	VALUES('97', 'AMD Ryzen 5 PRO 5650G', '4', '1', '2');
INSERT INTO CPU(cpu_id, cpu_name, thread_id, lithography_id, launchy_id)
	VALUES('98', 'AMD Ryzen 5 PRO 5650GE', '4', '1', '2');
INSERT INTO CPU(cpu_id, cpu_name, thread_id, lithography_id, launchy_id)
	VALUES('99', 'AMD Ryzen 7 1700X', '3', '2', '5');
INSERT INTO CPU(cpu_id, cpu_name, thread_id, lithography_id, launchy_id)
	VALUES('100', 'AMD Ryzen 7 1700 Processor', '3', '2', '5');
INSERT INTO CPU(cpu_id, cpu_name, thread_id, lithography_id, launchy_id)
	VALUES('101', 'AMD Ryzen 7 PRO 5850U', '3', '1', '2');
INSERT INTO CPU(cpu_id, cpu_name, thread_id, lithography_id, launchy_id)
	VALUES('102', 'AMD Ryzen 7 PRO 5750G', '3', '1', '2');
INSERT INTO CPU(cpu_id, cpu_name, thread_id, lithography_id, launchy_id)
	VALUES('103', 'AMD Ryzen 5 PRO 5650U', '4', '1', '2');
INSERT INTO CPU(cpu_id, cpu_name, thread_id, lithography_id, launchy_id)
	VALUES('104', 'AMD Ryzen 3 PRO 5450U', '8', '1', '2');
INSERT INTO CPU(cpu_id, cpu_name, thread_id, lithography_id, launchy_id)
	VALUES('105', 'AMD Ryzen 7 PRO 5750GE', '3', '1', '2');
INSERT INTO CPU(cpu_id, cpu_name, thread_id, lithography_id, launchy_id)
	VALUES('106', 'AMD Ryzen 3 PRO 5350G', '8', '1', '2');
INSERT INTO CPU(cpu_id, cpu_name, thread_id, lithography_id, launchy_id)
	VALUES('107', 'AMD Ryzen 7 PRO 4750G', '3', '1', '1');
INSERT INTO CPU(cpu_id, cpu_name, thread_id, lithography_id, launchy_id)
	VALUES('108', 'AMD Ryzen 7 PRO 4750GE', '3', '1', '1');
INSERT INTO CPU(cpu_id, cpu_name, thread_id, lithography_id, launchy_id)
	VALUES('109', 'AMD Ryzen 5 1600X', '4', '2', '5');
INSERT INTO CPU(cpu_id, cpu_name, thread_id, lithography_id, launchy_id)
	VALUES('110', 'AMD Ryzen 3 PRO 5350GE', '8', '1', '2');
INSERT INTO CPU(cpu_id, cpu_name, thread_id, lithography_id, launchy_id)
	VALUES('111', 'AMD Ryzen 5 PRO 4650G', '4', '1', '1');
INSERT INTO CPU(cpu_id, cpu_name, thread_id, lithography_id, launchy_id)
	VALUES('112', 'AMD Ryzen 5 PRO 4650GE', '4', '1', '1');
INSERT INTO CPU(cpu_id, cpu_name, thread_id, lithography_id, launchy_id)
	VALUES('113', 'AMD Ryzen 3 PRO 4350G', '8', '1', '1');
INSERT INTO CPU(cpu_id, cpu_name, thread_id, lithography_id, launchy_id)
	VALUES('114', 'AMD Ryzen 3 PRO 4350GE', '8', '1', '1');
INSERT INTO CPU(cpu_id, cpu_name, thread_id, lithography_id, launchy_id)
	VALUES('115', 'AMD Ryzen 5 1600', '4', '2', '5');
INSERT INTO CPU(cpu_id, cpu_name, thread_id, lithography_id, launchy_id)
	VALUES('116', 'AMD Ryzen 5 1500X', '8', '2', '5');
INSERT INTO CPU(cpu_id, cpu_name, thread_id, lithography_id, launchy_id)
	VALUES('117', 'AMD Ryzen 5 PRO 3350G', '8', '3', '1');
INSERT INTO CPU(cpu_id, cpu_name, thread_id, lithography_id, launchy_id)
	VALUES('118', 'AMD Ryzen 5 PRO 3350GE', '10', '3', '1');
INSERT INTO CPU(cpu_id, cpu_name, thread_id, lithography_id, launchy_id)
	VALUES('119', 'AMD Ryzen 5 1400', '8', '2', '5');
INSERT INTO CPU(cpu_id, cpu_name, thread_id, lithography_id, launchy_id)
	VALUES('120', 'AMD Ryzen 3 1300X', '10', '2', '5');
INSERT INTO CPU(cpu_id, cpu_name, thread_id, lithography_id, launchy_id)
	VALUES('121', 'AMD Athlon Gold PRO 3150G', '10', '3', '1');
INSERT INTO CPU(cpu_id, cpu_name, thread_id, lithography_id, launchy_id)
	VALUES('122', 'AMD Athlon Gold PRO 3150GE', '10', '3', '1');
INSERT INTO CPU(cpu_id, cpu_name, thread_id, lithography_id, launchy_id)
	VALUES('123', 'AMD Athlon Silver PRO 3125GE', '10', '3', '1');
INSERT INTO CPU(cpu_id, cpu_name, thread_id, lithography_id, launchy_id)
	VALUES('124', 'AMD Ryzen 3 1200', '10', '2', '5');
INSERT INTO CPU(cpu_id, cpu_name, thread_id, lithography_id, launchy_id)
	VALUES('125', 'AMD Ryzen 7 PRO 4750U', '3', '1', '1');
INSERT INTO CPU(cpu_id, cpu_name, thread_id, lithography_id, launchy_id)
	VALUES('126', 'AMD Ryzen 5 PRO 4650U', '4', '1', '1');
INSERT INTO CPU(cpu_id, cpu_name, thread_id, lithography_id, launchy_id)
	VALUES('127', 'AMD Ryzen 3 PRO 4450U', '8', '1', '1');
INSERT INTO CPU(cpu_id, cpu_name, thread_id, lithography_id, launchy_id)
	VALUES('128', 'AMD Ryzen 7 PRO 1700X Processor', '3', '2', '5');
INSERT INTO CPU(cpu_id, cpu_name, thread_id, lithography_id, launchy_id)
	VALUES('129', 'AMD Ryzen 7 PRO 3700U', '8', '3', '3');
INSERT INTO CPU(cpu_id, cpu_name, thread_id, lithography_id, launchy_id)
	VALUES('130', 'AMD Ryzen 5 PRO 3500U', '8', '3', '3');
INSERT INTO CPU(cpu_id, cpu_name, thread_id, lithography_id, launchy_id)
	VALUES('131', 'AMD Ryzen 7 PRO 1700', '3', '2', '5');
INSERT INTO CPU(cpu_id, cpu_name, thread_id, lithography_id, launchy_id)
	VALUES('132', 'AMD Ryzen 3 PRO 3300U', '10', '3', '3');
INSERT INTO CPU(cpu_id, cpu_name, thread_id, lithography_id, launchy_id)
	VALUES('133', 'AMD Ryzen 5 PRO 1600', '4', '2', '5');
INSERT INTO CPU(cpu_id, cpu_name, thread_id, lithography_id, launchy_id)
	VALUES('134', 'AMD Ryzen 5 PRO 1500', '8', '2', '5');
INSERT INTO CPU(cpu_id, cpu_name, thread_id, lithography_id, launchy_id)
	VALUES('135', 'AMD Ryzen 3 PRO 1300', '10', '2', '5');
INSERT INTO CPU(cpu_id, cpu_name, thread_id, lithography_id, launchy_id)
	VALUES('136', 'AMD Ryzen 3 PRO 2200G with Radeon Vega 8 Graphics', '10', '2', '4');
INSERT INTO CPU(cpu_id, cpu_name, thread_id, lithography_id, launchy_id)
	VALUES('137', 'AMD Ryzen 3 PRO 1200', '10', '2', '5');
INSERT INTO CPU(cpu_id, cpu_name, thread_id, lithography_id, launchy_id)
	VALUES('138', '7th Gen AMD Athlon X4 970', '10', '4', '5');
INSERT INTO CPU(cpu_id, cpu_name, thread_id, lithography_id, launchy_id)
	VALUES('139', '7th Gen AMD Athlon X4 950', '10', '4', '5');
INSERT INTO CPU(cpu_id, cpu_name, thread_id, lithography_id, launchy_id)
	VALUES('140', '7th Gen AMD Athlon X4 940', '10', '4', '5');

